Category,Name,Ownership: Government/Private,Street Address,City,State,Zip,County,Phone Number,Website,Hours- Sunday,Hours - Monday,Hours - Tuesday,Hours - Wednesday,Hours - Thursday,Hours - Friday,Hours - Saturday,Residential Household Garbage,Residential Electronic Waste,Residential Appliances/ Furniture,Residential Brush,Residential Construction,Demolition Waste,Recycling - Residential Metal,Recycling - Residential Cans,Recycling - Residential Aluminum,Recycling - Residential Plastics (#1 & #2 only),Recycling - Residential Glass,Recycling - Residential Paper,Recycling - Residential Cardboard,Recycling - Residential Used Motor Oil,Recycling - Residential Used Cooking Oil,Special Waste - Residential automotive batteries,Special Waste - Residential latex-based paint,Special Waste - Residential antifreeze,Special Waste - Residential Automotive Tires,Holiday Hours - New Year's Day,Holiday Hours - MLK Day,Holiday Hours - President's Day,Holiday Hours - Easter,Holiday Hours - Memorial Day,Holiday Hours - Independence Day,Holiday Hours - Veteran's Day,Holiday Hours - Thanksgiving Day,Holiday Hours - Christmas Eve,Holiday Hours - Christmas Day,Goodwill Drop-Off,Daily Limit,Notes,Lat,Long
C&D Landfill,City Of Prattville C&D Landfill,Government,802 County Rd 4,Prattville,AL,36067,Autauga,(251) 937-0382,http://www.prattvilleal.gov/departments/sanitation.html,No,7:00AM-3:00PM,7:00AM-3:00PM,7:00AM-3:00PM,7:00AM-3:00PM,7:00AM-3:00PM,7:00AM-12:00PM,No,No,No,Yes,Yes,Yes,No,No,No,No,No,No,No,No,No,No,No,No,No,,,,,,,,,,,,,,30.5074883,-87.90117123
Transfer Station,Bay Minette Transfer Station,Government,4291 Nicholsville Road,Bay Minette,AL,36507,Baldwin,(334) 567-1328,,No,7:30AM-3:00PM,7:30AM-3:00PM,7:30AM-3:00PM,7:30AM-3:00PM,7:30AM-3:00PM,8:00AM-12:00PM,Yes,No,No,Yes,Yes,Yes,No,No,No,No,No,No,No,No,No,No,No,No,No,,,,,,,,,,,,,,0,0
C&D Landfill,Eastfork Landfill,Government,Cc Road,Elberta,AL,36530,Baldwin,(334) 566-6460,,No,7:00AM-4:00PM,7:00AM-4:00PM,7:00AM-4:00PM,7:00AM-4:00PM,7:00AM-4:00PM,No,No,No,No,No,Yes,Yes,No,No,No,No,No,No,No,No,No,No,No,No,No,,,,,,,,,,,,,,31.88457685,-85.30852108
C&D Landfill,Fairhope Inert Landfill,Government,Section Street,Fairhope,AL,36532,Baldwin,(256) 729-0022,http://www.cofairhope.com/home/showdocument?id=686,,,,,,,,Yes,No,No,Yes,Yes,Yes,Yes,Yes,Yes,Yes,Yes,Yes,Yes,No,No,Yes,Yes,Yes,Yes,,,,,,,,,,,,,,30.61706116,-87.78166206
Transfer Station,Fairhope Transfer Station,Government,555 South Section Street,Fairhope,AL,36532,Baldwin,,,,,,,,,,Yes,No,No,Yes,Yes,Yes,Yes,Yes,Yes,Yes,Yes,Yes,Yes,No,No,Yes,Yes,Yes,Yes,,,,,,,,,,,,,,0,0
C&D Landfill,Gulf Shores C&D Landfill,Private,100 Landward Drive,Gulf Shores,AL,36542,Baldwin,(205) 298-8692,http://www.solidwaste.com/doc/emerald-waste-services-acquires-sunbelt-envir-0001,,,,,,,,No,No,No,No,Yes,Yes,No,No,No,No,No,No,No,No,No,No,No,No,No,,,,,,,,,,,,,,30.48819439,-87.51961818
C&D Landfill,Macbride Landfill,Government,14200 County Road 64,Loxley,AL,36551,Baldwin,(251) 972-8508,"http://www.co.baldwin.al.us/PageView.asp?edit_id=608, http://services.co.baldwin.al.us/knowledge/knowledge.jsp?id=101000000960",,,,,,,,No,No,No,Yes,Yes,Yes,No,No,No,No,No,No,No,No,No,No,No,No,No,,,,,,,,,,,,,,33.94664267,-86.70715116
Municipal Landfill,Magnolia Sanitary Landfill,Government,15140 County Road 49,Summerdale,AL,36580,Baldwin,(256) 549-4745,"http://www.co.baldwin.al.us/Pageview.asp?edit_id=607, http://services.co.baldwin.al.us/knowledge/knowledge.jsp?id=101000000964",No,7:00AM-3:00PM,7:00AM-3:00PM,7:00AM-3:00PM,7:00AM-3:00PM,7:00AM-3:00PM,No,Yes,No,Yes,Yes,Yes,Yes,Yes,Yes,Yes,Yes,Yes,Yes,Yes,Yes,Yes,No,No,No,Yes,,,,,,,,,,,,,,33.5812141,-86.8143136
C&D Landfill,Barbour County C&D Landfill,Government,80 Gilchrist Road,Clayton,AL,36016,Barbour,(334) 588-2923,,,,,,,,,No,No,No,No,Yes,Yes,No,No,No,No,No,No,No,Yes,Yes,No,No,No,No,,,,,,,,,,,,,,33.81799009,-86.69270047
Transfer Station,Henry County-Eufaula Transfer Station,Government,Rte 431,Eufaula,AL,36027,Barbour,(334) 774-6212,,No,6:00AM-4:00PM,6:00AM-4:00PM,6:00AM-4:00PM,6:00AM-4:00PM,No,No,Yes,No,No,No,No,No,No,No,No,No,No,No,No,No,No,No,No,No,No,,,,,,,,,,,,,,0,0
Transfer Station,Bibb County Transfer Station,Government,2417 Old Birmingham Road,Centreville,AL,35042,Bibb,(256) 236-2411,,No,7:00AM-4:00PM,7:00AM-4:00PM,7:00AM-4:00PM,7:00AM-4:00PM,7:00AM-4:00PM,7:00-11:30AM,Yes,No,No,Yes,Yes,Yes,No,No,No,No,No,No,No,No,No,No,No,No,Yes,,,,,,,,,,,,,,0,0
C&D Landfill,B & B Tire Landfill,Private,1316 County Highway 9,Hayden,AL,35079,Blount,(334) 897-6773,https://www.facebook.com/pages/B-B-Tire-Landfill/185473474819624,,,,,,,,,,,,,,,,,,,,,,,,,,,,,,,,,,,,,,,,31.82665084,-86.59204996
Transfer Station,Blount County/Nectar/Hayden Transfer Station,Government,2390 Armstrong Loop,Hayden,AL,35079,Blount,(256) 574-2714,,,,,,,,,Yes,No,No,Yes,Yes,Yes,No,No,No,No,No,No,No,Yes,Yes,No,No,No,No,,,,,,,,,,,,,,0,0
C&D Landfill,Wca/Blount County Landfill,Private,1130 County Line Rd,Trafford,AL,35172,Blount,(334) 265-6596,http://www.advanceddisposal.com/al,,,,,,,,No,No,No,No,Yes,Yes,No,No,No,No,No,No,No,No,No,No,No,No,Yes,,,,,,,,,,,,,,31.70548389,-86.73048435
C&D Landfill,City Of Greenville Landfill,Government,Landfill Drive Off Highway 31 South,Greenville,AL,36037,Butler,(334) 628-4844,http://www.greenville-alabama.com/Default.asp?ID=26&pg=Public+Works,No,7:00AM-4:00PM,7:00AM-4:00PM,7:00AM-4:00PM,7:00AM-4:00PM,7:00AM-4:00PM,No,,,,,,,,,,,,,,,,,,,,,,,,,,,,,,,,,33.89041958,-85.69186396
C&D Landfill,"Coastal Forest Products, Llc - Chapman Landfill",Private,Landfill: Old Mill Hill Street Landfill,Chapman,AL,36033,Butler,(256) 341-4993,http://coastalforestal.com/,No,6:00AM-4:00PM,6:00AM-4:00PM,6:00AM-4:00PM,6:00AM-4:00PM,6:00AM-4:00PM,7:00-11:30AM,No,No,No,Yes,Yes,Yes,No,No,No,No,No,No,No,No,No,No,No,No,No,,,,,,,,,,,,,,33.67680614,-85.9189183
Transfer Station,Greenville/Butler County Transfer Station,Government,343 Landfill Drive,Greenville,AL,36037,Butler,(205) 367-8912,,No,7:00AM-2:45PM,7:00AM-2:45PM,7:00AM-2:45PM,7:00AM-2:45PM,7:00AM-2:45PM,No,Yes,No,No,Yes,Yes,Yes,No,No,No,No,No,No,No,No,No,No,No,No,No,,,,,,,,,,,,,,0,0
C&D Landfill,Calhoun County Construction/Demolition Landfill,Government,3625 Morrisville Rd,Anniston,AL,36201,Calhoun,(256) 237-3922,http://calhouncounty.org/landfill/cdlandfill.html,,,,,,,,Yes,No,No,No,Yes,Yes,No,No,No,No,No,No,No,No,No,No,No,No,Yes,,,,,,,,,,,,,,31.49406376,-87.86507904
Transfer Station,Calhoun County Transfer Station,Government,3625 Morrisville Road,Anniston,AL,36201,Calhoun,(256) 586-2666,,No,7:30AM-3:45PM,7:30AM-3:45PM,7:30AM-3:45PM,7:30AM-3:45PM,7:30AM-3:45PM,7:30-11:15AM,Yes,No,No,No,Yes,Yes,No,No,No,No,No,No,No,No,No,No,No,No,Yes,,,,,,,,,,,,,,0,0
C&D Landfill,Jacksonville/Piedmont Inert Landfill,Government,164 Piedmont Jacksonville Road,Piedmont,AL,36272,Calhoun,(256) 891-2944,https://www.republicservices.com/customer-support/facilities?utm_source=yext.com&utm_medium=referral&utm_campaign=Yext_Profile_Click_Google&utm_term=T31,,,,,,,,,,,,,,,,,,,,,,,,,,,,,,,,,,,,,,,,32.8532129,-85.28371077
Municipal Landfill,Three Corner'S Regional Landfill,Private,2205 Cherokee County Rd 6,Piedmont,AL,36272,Calhoun,(800) 774-7425,https://www.republicservices.com/customer-support/facilities?utm_source=yext.com&utm_medium=referral&utm_campaign=Yext_Profile_Click_Google&utm_term=U33T,No,7:00AM-4:00PM,7:00AM-4:00PM,7:00AM-4:00PM,7:00AM-4:00PM,7:00AM-4:00PM,No,Yes,No,No,Yes,Yes,Yes,No,No,No,No,No,No,No,Yes,Yes,No,No,No,No,,,,,,,,,,,,,,31.14828339,-88.17015061
C&D Landfill,Chambers County Landfill,Government,7245 Veterans Memorial Parkway,Lanett,AL,36863,Chambers,(334) 576-2059,http://www.chamberscountyal.gov/departments/code-enforcement/solid-waste/,,,,,,,,No,No,No,Yes,Yes,Yes,No,No,No,No,No,No,No,No,No,No,No,No,Yes,,,,,,,,,,,,,,33.21681379,-85.76849239
Municipal Landfill,Choctaw County Regional Landfill,Government,239 Firetower Road,Toxey,AL,36921,Choctaw,(205) 893-7223,http://www.paceindustriesinc.com/,No,7:00AM-4:00PM,7:00AM-4:00PM,7:00AM-4:00PM,7:00AM-4:00PM,7:00AM-4:00PM,7:00-11:00AM,,,,,,,,,,,,,,,,,,,,,,,,,,,,,,,,,31.23977203,-85.3561772
Transfer Station,Clarke County Transfer Station,Government,County Road 18,Grove Hill,AL,36451,Clarke,,,,,,,,,,Yes,No,No,Yes,Yes,Yes,No,No,No,No,No,No,No,No,No,No,No,No,No,,,,,,,,,,,,,,0,0
C&D Landfill,Jackson Landfill (Gainestown),Private,1312 Gainestown Road,Jackson,AL,36545,Clarke,(251) 246-2333,,,,,,,,,No,No,No,No,Yes,Yes,No,No,No,No,No,No,No,No,No,No,No,No,No,,,,,,,,,,,,,,33.07867527,-86.06738191
Transfer Station,AGL Transfer Station,Private,1177 Landfill Road,Ashland,AL,36251,Clay,,,,,,,,,,Yes,No,No,No,Yes,Yes,No,No,No,No,No,No,No,No,No,No,No,No,No,,,,,,,,,,,,,,0,0
C&D Landfill,Ashland-Goodwater-Lineville Landfill,Private,1 Mi Sw Of 77 49 Int Ashland,Ashland,AL,36251,Clay,(256) 845-0758,http://aglsolidwaste.com/,No,6:00AM-2:45PM,6:00AM-2:45PM,6:00AM-2:45PM,6:00AM-2:45PM,6:00AM-2:45PM,No,No,No,No,Yes,Yes,Yes,No,No,No,No,No,No,No,No,No,No,No,No,No,,,,,,,,,,,,,,31.34430545,-86.45115704
Municipal Landfill,Coffee County Sanitary Landfill,Government,7733 Highway 125,Elba,AL,36323,Coffee,(334) 897-6773,http://www.coffeecounty.us/Landfill.html#,,,,,,,,Yes,No,No,Yes,Yes,Yes,No,No,No,No,No,No,No,No,No,No,No,No,No,,,,,,,,,,,,,,33.5909739,-86.64325295
Transfer Station,Shoals Solid Waste Authority Transfer Station,Government,2015 Missouri Street,Tuscumbia,AL,35674,Colbert,,,,,,,,,,Yes,No,No,No,No,No,No,No,No,No,No,No,No,No,No,No,No,No,No,,,,,,,,,,,,,,0,0
C&D Landfill,Madix C&D Landfill #2,Private,Aaron Street,Goodwater,AL,35072,Coosa,(334) 298-0634,http://www.adem.state.al.us/programs/land/landforms/CDILFMasterList08-11.pdf,,,,,,,,,,,,,,,,,,,,,,,,,,,,,,,,,,,,,,,,31.26017986,-86.27262432
C&D Landfill,Andalusia C&D Landfill,Government,301 Progress Drive,Andalusia,AL,36420,Covington,(251) 456-5321,http://www.cityofandalusia.com/departments/recyclinglandfill.html,No,7:00AM-5:00PM,7:00AM-5:00PM,7:00AM-5:00PM,7:00AM-5:00PM,7:00AM-5:00PM,7:00AM-12:00PM,Yes,No,No,No,Yes,Yes,No,No,No,No,No,No,No,No,No,No,No,No,No,,,,,,,,,,,,,,31.00628769,-86.34818053
Transfer Station,Andalusia Transfer Station,Government,23553 Highway 55 South,Andalusia,AL,36420,Covington,(256) 571-7560,,,,,,,,,Yes,No,No,No,Yes,Yes,No,No,No,No,No,No,No,No,No,No,No,No,No,,,,,,,,,,,,,,0,0
C&D Landfill,Ashberry C&D Landfill & Tire Recycling Facility,Private,24961 Wages Road,Opp,AL,36421,Covington,(334) 493-1250,https://www.facebook.com/AshberryLandfillTireRecycling,,,,,,,,No,No,No,No,Yes,Yes,No,No,No,No,No,No,No,No,No,No,No,No,No,,,,,,,,,,,,,,31.40298929,-85.58690929
C&D Landfill,City Of Opp C&D Landfill,Government,Walding Road,Opp,AL,36467,Covington,(334) 493-7840,http://www.cityofopp.com/Content/Default/3/95/89/departments/sanitation-department/construction-and-demolition-landfill.html,,,,,,,,No,No,No,No,Yes,Yes,No,No,No,No,No,No,No,No,No,No,No,No,No,,,,,,,,,,,,,,31.23993038,-86.53994156
C&D Landfill,Little’S Tire Reclamation And Disposal Center,Private,17724 Ltrc Lane,Andalusia,AL,36420,Covington,(251) 653-0600,http://www.adem.state.al.us/newsEvents/notices/oct14/pdfs/10little.pdf,No,7:00AM-4:00PM,7:00AM-4:00PM,7:00AM-4:00PM,7:00AM-4:00PM,7:00AM-4:00PM,7:00AM-12:00PM,No,No,No,No,Yes,Yes,No,No,No,No,No,No,No,No,No,No,No,No,Yes,,,,,,,,,,,,,,31.71627997,-86.26376169
C&D Landfill,Lockhart Construction And Demolition Landfill,Government,Chickasaw Avenue,Lockhart,AL,36442,Covington,(334) 585-6255,,No,5:00AM-4:00PM,5:00AM-4:00PM,5:00AM-4:00PM,5:00AM-4:00PM,5:00AM-4:00PM,6:00-11:00AM,,,,,,,,,,,,,,,,,,,,,,,,,,,,,,,,,31.34626766,-86.29410566
C&D Landfill,Crenshaw County Construction And Demolition Landfill,Government,P.O. Box 227,Luverne,AL,36049,Crenshaw,(334) 335-6568,,No,7:30AM-3:00PM,7:30AM-3:00PM,7:30AM-3:00PM,7:30AM-3:00PM,7:30AM-3:00PM,No,No,No,No,No,Yes,Yes,No,No,No,No,No,No,No,No,No,No,No,No,No,,,,,,,,,,,,,,31.33238735,-85.5214837
Municipal Landfill,Cullman Environmental Waste Management Center,Private,2805 Alabama Highway 69 South,Cullman,AL,35057,Cullman,(205) 647-6736,http://business.cullmanchamber.org/list/member/cullman-environmental-inc-cullman-457,No,7:30AM-4:30PM,7:30AM-4:30PM,7:30AM-4:30PM,7:30AM-4:30PM,7:30AM-4:30PM,No,No,No,No,No,No,No,No,No,No,No,No,No,No,No,No,No,No,No,No,,,,,,,,,,,,,,34.80716804,-87.71448637
C&D Landfill,Dale County C&D Landfill,Government,202 Alabama 123,Ozark,AL,36360,Dale,(334) 774-5875,http://www.dalecountyal.org/SolidWaste.aspx,,,,,,,,Yes,No,No,Yes,Yes,Yes,No,No,No,No,No,No,No,No,No,No,No,No,No,,,,,,,,,,,,,,32.41636292,-86.97853901
Transfer Station,Dale County Transfer Station,Government,5 Mi S of Ozark on County Road 30,Ozark,AL,36361,Dale,,,,,,,,,,Yes,No,No,Yes,Yes,Yes,No,No,No,No,No,No,No,No,No,No,No,No,No,,,,,,,,,,,,,,0,0
C&D Landfill,Rose Hill Landfill Llc,Private,242 New Hope Rd,Midland City,AL,36350,Dale,(334) 983-6576,http://www.rosehill-landfill.com/,,,,,,,,No,No,No,No,Yes,Yes,No,No,No,No,No,No,No,No,No,No,No,No,No,,,,,,,,,,,,,,34.44039048,-85.738623
C&D Landfill,City Of Selma C&D Landfill,Government,4555 Water Avenue,Selma,AL,36703,Dallas,(800) 321-8128,https://www.republicservices.com/customer-support/facilities?utm_source=yext.com&utm_medium=referral&utm_campaign=Yext_Profile_Click_Google&utm_term=F41,No,5:30AM-4:00PM,5:30AM-4:00PM,5:30AM-4:00PM,5:30AM-4:00PM,5:30AM-4:00PM,No,Yes,No,No,Yes,Yes,Yes,No,No,No,No,No,No,No,No,No,No,No,No,Yes,,,,,,,,,,,,,,32.57063263,-86.19193835
Transfer Station,Selma Transfer Station,Government,1478 Highway 41 South,Selma,AL,36701,Dallas,(256) 462-3844,http://www.hychellc.com/,No,7:30AM-3:00PM,7:30AM-3:00PM,7:30AM-3:00PM,7:30AM-3:00PM,7:30AM-3:00PM,No,Yes,No,No,Yes,Yes,Yes,No,No,No,No,No,No,No,No,No,No,No,No,Yes,,,,,,,,,,,,,,0,0
C&D Landfill,Fort Payne Landfill,Government,901 Dewyer Ave (Hwy 35),Fort Payne,AL,35967,Dekalb,(334) 297-2140,,No,7:30AM-5:00PM,7:30AM-5:00PM,7:30AM-5:00PM,7:30AM-5:00PM,7:30AM-5:00PM,8:00AM-12:00PM,No,No,No,Yes,Yes,Yes,No,No,No,No,No,No,No,Yes,Yes,No,No,No,Yes,,,,,,,,,,,,,,31.0183537,-87.11151411
Municipal Landfill,Sand Valley Landfill,Private,3345 County Rd 209,Collinsville,AL,35961,Dekalb,(205) 647-3200,http://www.republicservices.com/corporate/localservices/location.aspx?SID=F41,,,,,,,,Yes,No,No,No,Yes,Yes,No,No,No,No,No,No,No,No,No,No,No,No,Yes,,,,,,,,,,,,,,0,0
C&D Landfill,Wetumpka Construction/Demolition Landfill,Government,Us Highway 231,Wetumpka,AL,36092,Elmore,(256) 381-9030,http://www.epa.gov/lmop/partners/profiles/shoalssolidwastedisposalauthorityal.html,No,7:30AM-4:15PM,7:30AM-4:15PM,7:30AM-4:15PM,7:30AM-4:15PM,7:30AM-4:15PM,8:00AM-11:00PM,Yes,No,Yes,Yes,No,No,Yes,Yes,Yes,Yes,Yes,Yes,Yes,No,No,No,No,No,No,,,,,,,,,,,,,,31.10568824,-87.48733178
C&D Landfill,Atmore Inert Landfill,Government,Poarch Road / County Road 14,Atmore,AL,36504,Escambia,(251) 368-2253,,,,,,,,,No,No,No,Yes,Yes,Yes,No,No,No,No,No,No,No,No,No,No,No,No,No,,,,,,,,,,,,,,33.61560769,-87.60748765
C&D Landfill,Jay Road Inert Landfill,Government,4681 Jay Road,Brewton,AL,36426,Escambia,(251) 867-8148,http://www.cityofbrewton.org/department_details.cfm?DeptID=5,,,,,,,,No,No,No,Yes,Yes,Yes,No,No,No,No,No,No,No,No,No,No,No,No,No,,,,,,,,,,,,,,33.98352225,-85.94864958
Municipal Landfill,Timberlands Landfill,Government,22800 Highway 41,Brewton,AL,36426,Escambia,(334) 671-8844,http://www.cityofbrewton.org/public-works.aspx,No,7:00AM-3:45PM,7:00AM-3:45PM,7:00AM-3:45PM,7:00AM-3:45PM,7:00AM-3:00PM,No,Yes,No,No,Yes,Yes,Yes,No,No,No,No,No,No,No,Yes,Yes,No,No,No,Yes,,,,,,,,,,,,,,32.42083061,-86.43097832
C&D Landfill,Gadsden Construction/Demolition Landfill,Government,110 Burnsway Drive,Gadsden,AL,35903,Etowah,(205) 553-0529,http://www.cityofgadsden.com/index.aspx?NID=170,No,8:00AM-5:00PM,8:00AM-5:00PM,8:00AM-5:00PM,8:00AM-5:00PM,8:00AM-5:00PM,No,Yes,No,No,Yes,Yes,Yes,No,No,No,No,No,No,No,No,No,No,No,No,No,,,,,,,,,,,,,,34.42611487,-88.12445686
Transfer Station,Gadsden Transfer Station,Government,110 Burns Way Drive,Gadsden,AL,35902,Etowah,(205) 655-3391,,No,7:00AM-3:00PM,7:00AM-3:00PM,7:00AM-3:00PM,7:00AM-3:00PM,7:00AM-3:00PM,7:00AM-12:00PM,Yes,No,No,Yes,Yes,Yes,No,No,No,No,No,No,No,No,No,No,No,No,No,,,,,,,,,,,,,,0,0
C&D Landfill,North River Mine Landfill,Private,3114 Alabama Highway 63,Berry,AL,35546,Fayette,(256) 447-1881,http://walterenergy.com/contact.html,No,5:00AM-4:30PM,5:00AM-4:30PM,5:00AM-4:30PM,5:00AM-4:30PM,5:00AM-4:30PM,5:00AM-12:00PM,,,,,,,,,,,,,,,,,,,,,,,,,,,,,,,,,31.08112881,-85.94697081
C&D Landfill,Red Bay Landfill,Government,Old Vina Road,Red Bay,AL,35582,Franklin,(205) 367-8912,,No,7:00AM-2:45PM,7:00AM-2:45PM,7:00AM-2:45PM,7:00AM-2:45PM,7:00AM-2:45PM,No,No,No,No,Yes,Yes,Yes,No,No,No,No,No,No,No,No,No,No,No,No,No,,,,,,,,,,,,,,31.10221173,-85.69760071
C&D Landfill,Geneva County Landfill,Government,State Hwy 52,Geneva,AL,36340,Geneva,(334) 576-2059,http://www.genevacounty.us/aboutGenevaCounty/countyGovernment/solidwaste.aspx,No,8:00AM-4:30PM,8:00AM-4:30PM,8:00AM-4:30PM,8:00AM-4:30PM,8:00AM-4:30PM,8:00AM-12:00PM,No,No,No,No,Yes,Yes,No,No,No,No,No,No,No,No,No,No,No,No,No,,,,,,,,,,,,,,32.84265106,-87.85977844
C&D Landfill,Hartford Landfill,Government,203 West Main Street,Hartford,AL,36344,Geneva,(866) 909-4458,,No,7:00AM-4:00PM,7:00AM-4:00PM,7:00AM-4:00PM,7:00AM-4:00PM,7:00AM-4:00PM,No,No,No,No,Yes,Yes,Yes,No,No,No,No,No,No,No,No,No,No,No,No,No,,,,,,,,,,,,,,31.68335493,-85.28810588
C&D Landfill,Greene County Inert C&D Landfill,Government,Finches Ferry Road,Eutaw,AL,35462,Greene,(251) 867-8921,,No,6:00AM-3:30PM,6:00AM-3:30PM,6:00AM-3:30PM,6:00AM-3:30PM,6:00AM-3:30PM,No,,,,,,,,,,,,,,,,,,,,,,,,,,,,,,,,,31.25033827,-85.39898323
C&D Landfill,Henry County C/D Landfill No. 2,Government,"101 Court Square,Suite A",Abbeville,AL,36310,Henry,(251) 866-7787,,,,,,,,,,,,,,,,,,,,,,,,,,,,,,,,,,,,,,,,,31.23260345,-85.11047896
Municipal Landfill,City Of Dothan Sanitary Landfill,Government,1290 Burkett Rd,Dothan,AL,36303,Houston,(205) 338-7821,http://www.dothan.org/index.aspx?nid=317,No,5:00AM-4:00PM,5:00AM-4:00PM,5:00AM-4:00PM,5:00AM-4:00PM,5:00AM-4:00PM,No,No,No,No,No,Yes,Yes,No,No,No,No,No,No,No,No,No,No,No,No,Yes,,,,,,,,,,,,,,34.0273888,-86.90210457
C&D Landfill,Farley Nuclear Plant Landfill,Private,County Road 95,Columbia,AL,36319,Houston,(334) 427-1608,http://www.southerncompany.com/about-us/our-business/southern-nuclear/farley.cshtml,No,8:00AM-5:00PM,8:00AM-5:00PM,8:00AM-5:00PM,8:00AM-5:00PM,8:00AM-5:00PM,No,,,,,,,,,,,,,,,,,,,,,,,,,,,,,,,,,34.88216011,-85.77456475
C&D Landfill,Huges C/D Landfill,Private,674 Twitchell Road,Dothan,AL,36303,Houston,(251) 575-2689,,No,7:00AM-4:00PM,7:00AM-4:00PM,7:00AM-4:00PM,7:00AM-4:00PM,7:00AM-4:00PM,7:00AM-4:00PM,No,No,No,No,Yes,Yes,No,No,No,No,No,No,No,No,No,No,No,No,Yes,,,,,,,,,,,,,,31.25772341,-85.62082423
C&D Landfill,Southeast Alabama Construction/Demolition Landfill,Private,Lee Boy Road,Dothan,AL,36303,Houston,(334) 692-3957,,,,,,,,,No,No,No,No,Yes,Yes,No,No,No,No,No,No,No,No,No,No,No,No,No,,,,,,,,,,,,,,34.75244649,-85.91692538
C&D Landfill,Bolivar Landfill,Private,2283 County Road 96,Stevenson,AL,35772,Jackson,(256) 437-2880,http://www.bolivarlandfill.com/page10.php,,,,,,,,,,,,,,,,,,,,,,,,,,,,,,,,,,,,,,,,34.90775407,-85.74606376
C&D Landfill,Scottsboro C&D Landfill,Government,650 County Rd 412,Hollywood,AL,35752,Jackson,(256) 259-5548,http://www.cityofscottsboro.com/index.php?option=com_content&view=article&id=88&Itemid=168,,,,,,,,Yes,No,Yes,No,Yes,Yes,No,No,No,No,No,No,No,No,No,No,No,No,Yes,,,,,,,,,,,,,,33.59881096,-86.77688629
Municipal Landfill,Scottsboro Landfill,Government,650 County Rd 412,Hollywood,AL,35752,Jackson,(256) 574-2714,http://www.cityofscottsboro.com/index.php?option=com_content&view=article&id=88&Itemid=168,,,,,,,,Yes,No,Yes,No,Yes,Yes,No,No,No,No,No,No,No,No,No,No,No,No,Yes,,,,,,,,,,,,,,33.60580561,-86.51707822
C&D Landfill,Tva Widows Creek Fossil Plant Landfill,Government,2800 Steam Plant Road,Stevenson,AL,35772,Jackson,(256) 437-4441,http://www.tva.com/environment/reports/widows_creek_soil_excavation/WCF%20Final%20Soil%20Excavation%20EA.pdf,,,,,,,,No,No,No,No,Yes,Yes,No,No,No,No,No,No,No,No,No,No,No,No,No,,,,,,,,,,,,,,33.60244358,-86.84753029
C&D Landfill,Bessemer City - Concord Landfill,Private,1800 Thrid Avenue North,Bessemer,AL,35020,Jefferson,(205) 424-4060,,,,,,,,,No,No,No,Yes,Yes,Yes,No,No,No,No,No,No,No,No,No,No,No,No,No,,,,,,,,,,,,,,33.55224957,-87.01369019
Municipal Landfill,"Big Sky Environmental, LLC Solid Waste Facility",Private,5100 Flat Top Rd,Adamsville,AL,35005,Jefferson,,,,,,,,,,,,,,,,,,,,,,,,,,,,,,,,,,,,,,,,,,31.70338137,-85.83874128
Transfer Station,Bradford Transfer Station,Government,Redman Hall Road,Pinson,AL,35126,Jefferson,(256) 354-5803,http://www.aglsolidwaste.com/,,,,,,,,Yes,No,No,No,No,No,Yes,Yes,Yes,Yes,Yes,Yes,Yes,No,No,No,No,No,No,,,,,,,,,,,,,,0,0
Municipal Landfill,"Eastern Area Landfill, Birmingham",Government,2787 Alton Road,Irondale,AL,35210,Jefferson,(205) 655-7797,https://plus.google.com/102599773319340854907/about?hl=en,No,6:30AM-4:30PM,6:30AM-4:30PM,6:30AM-4:30PM,6:30AM-4:30PM,6:30AM-4:30PM,7:30AM-3:30PM,,,,,,,,,,,,,,,,,,,,,,,,,,,,,,,,,33.17438579,-86.68793781
C&D Landfill,Fultondale Waste Complex,Private,3111 Five Mile Creek,Fultondale,AL,35068,Jefferson,(205) 759-8112,http://www1.wmsolutions.com/facilities/details/id/112,,,,,,,,No,No,No,No,Yes,Yes,No,No,No,No,No,No,No,No,No,No,No,No,No,,,,,,,,,,,,,,33.56967565,-86.847139
Municipal Landfill,Jefferson County Landfill No. 1,Government,101 Mary Buckelew Pkwy,Gardendale,AL,35071,Jefferson,(256) 409-2040,,,,,,,,,,,,,,,,,,,,,,,,,,,,,,,,,,,,,,,,,30.44680029,-87.77276917
Municipal Landfill,Jefferson County Landfill No. 2,Government,7035 Narrows Rd,Pinson,AL,35126,Jefferson,(256) 236-2411,https://www.calhouncounty.org/landfill/freeday.html,No,7:00AM-4:00PM,7:00AM-4:00PM,7:00AM-4:00PM,7:00AM-4:00PM,7:00AM-4:00PM,7:00-11:30AM,No,No,No,No,No,No,No,No,No,No,No,No,No,No,No,No,No,No,No,,,,,,,,,,,,,,34.70221598,-87.22750198
Transfer Station,Johns Road Transfer Station,Government,5125 Bessemer Johns Road,Bessemer,AL,35020,Jefferson,,,,,,,,,,Yes,No,No,No,No,No,No,No,No,No,No,No,No,No,No,No,No,No,No,,,,,,,,,,,,,,0,0
Transfer Station,Midfield Transfer Station,Government,3501 Bessemer Avenue S.W,Birmingham,AL,35221,Jefferson,(334) 252-1210,,,,,,,,,Yes,No,No,No,Yes,Yes,No,No,No,No,No,No,No,No,No,No,No,No,No,,,,,,,,,,,,,,0,0
Municipal Landfill,"New Georgia Landfill, Birmingham",Government,2800 47Th Avenue North,Birmingham,AL,35217,Jefferson,(334) 493-6573,,,,,,,,,No,No,No,No,No,No,No,No,No,No,No,No,No,No,No,No,No,No,No,,,,,,,,,,,,,,32.40917125,-86.32077578
C&D Landfill,Sfi North Jefferson Landfill,Private,511 Wade Road,Sylvan Springs,AL,35118,Jefferson,(251) 275-4351,https://clarkecountyal.com/license-commissioner/,No,No,No,No,8:00AM-5:00PM,8:00AM-5:00PM,No,No,No,No,No,Yes,Yes,No,No,No,No,No,No,No,No,No,No,No,No,No,,,,,,,,,,,,,,34.71163224,-87.11424992
C&D Landfill,Sylvan Springs Waste Complex,Private,1400 Porter Road,Sylvan Springs,AL,35005,Jefferson,(888) 748-3782,http://www.republicservices.com/?utm_source=yext.com&utm_medium=referral&utm_campaign=Yext_Profile_Click_Google&utm_term=4808A,,,,,,,,No,No,No,No,Yes,Yes,No,No,No,No,No,No,No,No,No,No,No,No,No,,,,,,,,,,,,,,34.87668569,-87.70708739
C&D Landfill,Tarrant Landfill,Government,Clow Lane,Tarrant,AL,35217,Jefferson,(205) 505-0150,https://www.blountcountyal.gov/departments-services/garbage-solid-waste,No,7:30AM-3:30PM,7:30AM-3:30PM,7:30AM-3:30PM,7:30AM-3:30PM,7:30AM-3:30PM,7:30AM-12:00PM,No,No,No,Yes,Yes,Yes,No,No,No,No,No,No,No,No,No,No,No,No,No,,,,,,,,,,,,,,33.51526597,-86.80982847
C&D Landfill,"Think Pink, Inc. Coalburg Road Landfill",Private,2669 Coalburg Rod,Birmingham,AL,35068,Jefferson,(205) 529-0296,,,,,,,,,No,No,No,No,No,No,No,No,No,No,No,No,No,No,No,No,No,No,No,,,,,,,,,,,,,,33.52314317,-87.05933178
C&D Landfill,Florence Municipal Solid Waste Landfill,Government,5700 Highway 157 North (Cloverdale Road),Florence,AL,35633,Lauderdale,(334) 628-4844,http://www.florenceal.org/Public_Works/Shared_Information/Office_Hours/index.html,No,7:00AM-4:00PM,7:00AM-4:00PM,7:00AM-4:00PM,7:00AM-4:00PM,7:00AM-4:00PM,No,Yes,No,No,Yes,Yes,Yes,No,No,No,No,No,No,No,No,No,No,No,No,Yes,,,,,,,,,,,,,,34.6327679,-86.65275184
Municipal Landfill,Florence Municipal Solid Waste Landfill,Government,29485 County Road 14,Florence,AL,35633,Lauderdale,(256) 760-5878,http://lauderdalecountyonline.com/New_Website/Solid_Waste/index.html,,,,,,,,Yes,No,No,Yes,Yes,Yes,No,No,No,No,No,No,No,No,No,No,No,No,Yes,,,,,,,,,,,,,,34.68383876,-86.59247714
Transfer Station,Underwood (Lauderdale County) Landfill & Transfer Station,Government,5450 Hwy 157 N,Florence,AL,35633,Lauderdale,(256) 447-2081,,,,,,,,,Yes,No,Yes,Yes,Yes,Yes,No,No,No,No,No,No,No,No,No,No,No,No,Yes,,,,,,,,,,,,,,0,0
Municipal Landfill,Morris Farms Landfill,Private,4 County Road 418,Hillsboro,AL,35643,Lawrence,(256) 637-9211,https://plus.google.com/111324580434419893554/about?gl=us&hl=en,,,,,,,,Yes,No,No,Yes,Yes,Yes,No,No,No,No,No,No,No,Yes,Yes,No,No,No,Yes,,,,,,,,,,,,,,0,0
Transfer Station,East Alabama Transfer Station,Government,2100 Popular Street,Opelika,AL,36801,Lee,,,No,7:00AM-3:45PM,7:00AM-3:45PM,7:00AM-3:45PM,7:00AM-3:45PM,7:00AM-3:00PM,No,Yes,No,No,No,No,No,No,No,No,No,No,No,No,No,No,No,No,No,No,,,,,,,,,,,,,,0,0
Municipal Landfill,Salem Waste Disposal Center,Private,4210 Lee Rd 183,Opelika,AL,36804,Lee,(334) 705-5480,http://www.opelika.org/Default.asp?ID=741&pg=Solid+Waste+Division,,,,,,,,Yes,No,No,Yes,Yes,Yes,No,No,No,No,No,No,No,Yes,Yes,No,No,No,No,,,,,,,,,,,,,,34.75544081,-85.91729414
C&D Landfill,Browns Ferry Nuclear Plant Landfill,Government,Nuclear Plant Road,Athens,AL,35611,Limestone,(256) 729-2681,http://www.tva.gov/environment/reports/bfn_uprate/ea.pdf,,,,,,,,,,,,,,,,,,,,,,,,,,,,,,,,,,,,,,,,34.91085511,-86.47082317
Transfer Station,Huntsville Hauling Transfer Station,Government,25480 Alabama Highway 20,Mooresville,AL,35649,Limestone,,,,,,,,,,No,No,No,No,Yes,Yes,No,No,No,No,No,No,No,No,No,No,No,No,No,,,,,,,,,,,,,,0,0
Municipal Landfill,Seven Mile Post Road MSW Landfill,Government,310 Washington Street,Athens,AL,35611,Limestone,(256) 357-4236,,No,7:00AM-4:00PM,7:00AM-4:00PM,7:00AM-4:00PM,7:00AM-4:00PM,7:00AM-4:00PM,No,,,,,,,,,,,,,,,,,,,,,,,,,,,,,,,,,32.51556915,-85.82940067
Municipal Landfill,Huntsville Landfill,Government,4100 Leeman Ferry Rd Sw,Huntsville,AL,35805,Madison,(205) 339-7330,http://swdahsv.org/,No,4:30AM-4:45PM,4:30AM-4:45PM,4:30AM-4:45PM,4:30AM-4:45PM,4:30AM-4:45PM,6:30-10:15AM,No,No,No,No,No,No,No,No,No,No,No,No,No,No,No,No,No,No,No,,,,,,,,,,,,,,33.70949069,-86.70783981
C&D Landfill,Madison County District 1 Inert Material Landfill,Government,372 Beth Road,New Market,AL,35761,Madison,(256) 746-2870,http://blog.al.com/breaking/2012/06/madison_county_commission_asks_1.html,,,,,,,,No,No,No,Yes,Yes,Yes,No,No,No,No,No,No,No,No,No,No,No,No,Yes,,,,,,,,,,,,,,34.26761289,-86.22283429
C&D Landfill,Madison County District 2 Stone Landfill,Government,Shields Road,Huntsville,AL,35811,Madison,(334) 240-4526,,No,7:00AM-4:00PM,7:00AM-4:00PM,7:00AM-4:00PM,7:00AM-4:00PM,7:00AM-4:00PM,9:00AM-12:00PM,No,No,No,Yes,Yes,Yes,No,No,No,No,No,No,No,No,No,No,No,No,No,,,,,,,,,,,,,,34.3285697,-86.55045439
C&D Landfill,Redstone Arsenal Landfill,Government,Refuge Road,Huntsville,AL,35802,Madison,(256) 880-6054,http://aec.army.mil/Portals/3/IAP/AL-RSA.pdf,No,7:00AM-5:00PM,7:00AM-5:00PM,7:00AM-5:00PM,7:00AM-5:00PM,7:00AM-4:00PM,No,Yes,No,No,Yes,Yes,Yes,No,No,No,No,No,No,No,Yes,Yes,No,No,No,Yes,,,,,,,,,,,,,,34.79883783,-86.52106016
Transfer Station,Linden Transfer Station,Government,400 Industrial Drive,Linden,AL,36748,Marengo,,,,,,,,,,Yes,No,No,No,Yes,Yes,No,No,No,No,No,No,No,No,No,No,No,No,No,,,,,,,,,,,,,,0,0
Transfer Station,Little Creek Transfer Station,Government,775 County Hwy 83,Guin,AL,35563,Marion,,,,,,,,,,Yes,No,No,No,Yes,Yes,No,No,No,No,No,No,No,No,No,No,No,No,No,,,,,,,,,,,,,,0,0
C&D Landfill,Arab City C&D Landfill,Government,1443 Hog Jaw Rd,Arab,AL,35016,Marshall,(334) 222-0862,http://www.arabcity.org/index.php/services/landfill,No,6:00AM-2:30PM,6:00AM-2:30PM,6:00AM-2:30PM,6:00AM-2:30PM,6:00AM-2:30PM,No,No,No,No,Yes,Yes,Yes,No,No,No,No,No,No,No,No,No,No,No,No,Yes,,,,,,,,,,,,,,30.78029394,-88.16759974
C&D Landfill,City Of Albertville Sanitary Inert Landfill,Government,700 Half Section Line Road,Albertville,AL,35950,Marshall,(334) 430-2823,http://www.cityofalbertville.com/183/sanitation.aspx,No,7:00AM-4:30PM,7:00AM-4:30PM,7:00AM-4:30PM,7:00AM-4:30PM,7:00AM-4:30PM,No,No,No,No,No,Yes,Yes,No,No,No,No,No,No,No,No,No,No,No,No,No,,,,,,,,,,,,,,34.29469095,-86.35396712
C&D Landfill,Guntersville Landfill,Government,Alabama State Hwy 79 S Marshall Blount County Line,Guntersville,AL,35976,Marshall,(256) 582-7564,http://www.guntersvilleal.org/city_services/public_works.php,,,,,,,,,,,,,,,,,,,,,,,,,,,,,,,,,,,,,,,,30.76949394,-88.16566594
Transfer Station,Marshall County Transfer Station,Government,224 Rives Road,Albertville,AL,35950,Marshall,(251) 452-7008,,,,,,,,,Yes,No,No,No,Yes,Yes,No,No,No,No,No,No,No,No,No,No,No,No,No,,,,,,,,,,,,,,0,0
C&D Landfill,Brownlee Landfill,Private,5237 Henry Road,Eight Mile,AL,36613,Mobile,(850) 390-5784,https://plus.google.com/100960742963765854011/about?gl=us&hl=en,,,,,,,,,,,,,,,,,,,,,,,,,,,,,,,,,,,,,,,,30.56261335,-88.20175966
Municipal Landfill,Chastang Sanitary Landfill,Government,1705 Highway 43,Mount Vernon,AL,36560,Mobile,(251) 829-4006,http://www.cityofmobile.org/trashpickup/landfill.php,,,,,,,,Yes,No,No,Yes,Yes,Yes,No,No,No,No,No,No,No,Yes,Yes,No,No,No,No,,,,,,,,,,,,,,34.62912743,-87.09892502
C&D Landfill,H&S Land Inc. Landfill,Private,8700 Howells Ferry Road,Semmes,AL,36575,Mobile,(334) 585-6791,http://www.cityofmobile.org/trashpickup/landfill.php,,,,,,,,,,,,,,,,,,,,,,,,,,,,,,,,,,,,,,,,31.59909602,-87.3264343
C&D Landfill,Jarrett Road Landfill - Brunson Construction,Private,Jarrett Road,Saraland,AL,36571,Mobile,(205) 926-9944,,No,7:30AM-4:00PM,7:30AM-4:00PM,7:30AM-4:00PM,7:30AM-4:00PM,7:30AM-4:00PM,No,No,No,No,No,No,No,No,No,No,No,No,No,No,No,No,No,No,No,No,,,,,,,,,,,,,,30.78012898,-88.21562153
C&D Landfill,Lott Road Landfill,Private,5400 Dossett Road,Prichard,AL,36613,Mobile,(205) 426-5444,http://www.santekenviro.com/locations.html,No,7:00AM-4:00PM,7:00AM-4:00PM,7:00AM-4:00PM,7:00AM-4:00PM,7:00AM-4:00PM,7:00AM-12:00PM,,,,,,,,,,,,,,,,,,,,,,,,,,,,,,,,,30.76402205,-88.17437725
C&D Landfill,"Midway Materials, Inc. Frank Maples Road C&D Landfill",Private,4270 Frank Maples Road,Mobile,AL,36613,Mobile,(251) 645-4147,http://www.adem.state.al.us/newsEvents/notices/mar14/pdfs/3midway.pdf,No,7:00AM-4:00PM,7:00AM-4:00PM,7:00AM-4:00PM,7:00AM-4:00PM,7:00AM-4:00PM,7:00AM-4:00PM,No,No,Yes,No,Yes,Yes,No,No,No,No,No,No,No,No,No,No,No,No,No,,,,,,,,,,,,,,32.41165608,-86.33420379
Transfer Station,Mobile Transfer Station,Government,5740 Carole Plantation Road,Theodore,AL,36582,Mobile,(205) 763-8001,https://www.republicservices.com/customer-support/facilities?utm_source=yext.com&utm_medium=referral&utm_campaign=Yext_Profile_Click_Google&utm_term=U63,,,,,,,,Yes,No,No,No,No,No,No,No,No,No,No,No,No,No,No,No,No,No,No,,,,,,,,,,,,,,0,0
Transfer Station,Mobile Transfer Station,Government,4770 Hamilton Boulevard,Theodore,AL,36582,Mobile,(334) 295-8800,http://www.advanceddisposal.com/LindenAL,,,,,,,,Yes,No,No,No,No,No,No,No,No,No,No,No,No,No,No,No,No,No,No,,,,,,,,,,,,,,0,0
C&D Landfill,Theodore Landfill,Private,6785 Boykin Road,Theodore,AL,36582,Mobile,(256) 637-9211,https://www.republicservices.com/customer-support/facilities?utm_source=yext.com&utm_medium=referral&utm_campaign=Yext_Profile_Click_Google&utm_term=L93,,,,,,,,No,No,No,No,No,No,No,No,No,No,No,No,No,No,No,No,No,No,No,,,,,,,,,,,,,,30.72498466,-88.24729192
C&D Landfill,Monroe County Construction And Demolition Landfill,Government,7034 Ridge Road,Monroeville,AL,36460,Monroe,(251) 575-2689,https://plus.google.com/114483014586474022246/about?gl=us&hl=en,,,,,,,,No,No,No,No,Yes,Yes,No,No,No,No,No,No,No,No,No,No,No,No,Yes,,,,,,,,,,,,,,32.35617899,-86.38942389
Transfer Station,Central Alabama Transfer Station,Government,2141 Hunter Loop Road,Montgomery,AL,36108,Montgomery,,,No,8:00AM-3:30PM,8:00AM-3:30PM,8:00AM-3:30PM,8:00AM-3:30PM,8:00AM-3:30PM,No,Yes,No,No,Yes,No,Yes,Yes,Yes,Yes,Yes,Yes,Yes,Yes,No,No,No,No,No,No,,,,,,,,,,,,,,0,0
C&D Landfill,Circle J Inert Landfill,Private,1855 Parallel Street,Montgomery,AL,36104,Montgomery,(334) 284-4274,https://plus.google.com/108495592582241362729/about?gl=us&hl=en,,,,,,,,,,,,,,,,,,,,,,,,,,,,,,,,,,,,,,,,34.45458634,-86.93623959
Transfer Station,Montgomery Transfer Station,Government,2101 N Belt Drive,Montgomery,AL,36110,Montgomery,,,No,7:00AM-4:00PM,7:00AM-4:00PM,7:00AM-4:00PM,7:00AM-4:00PM,7:00AM-4:00PM,7:00AM-2:00PM,Yes,No,No,No,Yes,Yes,No,No,No,No,No,No,No,Yes,Yes,No,No,No,No,,,,,,,,,,,,,,0,0
Municipal Landfill,North Montgomery Landfill,Government,115 Division Street,Montgomery,AL,36104,Montgomery,(334) 241-2927,http://www.montgomeryal.gov/index.aspx?page=807,,,,,,,,No,No,No,No,No,No,No,No,No,No,No,No,No,No,No,No,No,No,No,,,,,,,,,,,,,,33.70908314,-87.05072526
C&D Landfill,Tocwah Land Reclamation And C&D Landfill,Private,1761 Hunter Loop Road,Montgomery,AL,36108,Montgomery,(334) 288-1500,,No,7:00AM-3:00PM,7:00AM-3:00PM,7:00AM-3:00PM,7:00AM-3:00PM,7:00AM-3:00PM,No,,,,,,,,,,,,,,,,,,,,,,,,,,,,,,,,,33.28589726,-88.12229842
Municipal Landfill,City Of Decatur-Morgan County Sanitary Landfill,Government,500 Landfill Drive,Trinity,AL,35673,Morgan,(256) 355-3176,http://decaturalabamausa.com/departments/landfilldept/index.html,,,,,,,,Yes,No,No,Yes,Yes,Yes,No,No,No,No,No,No,No,Yes,Yes,No,No,No,Yes,,,,,,,,,,,,,,31.50859488,-85.99908107
C&D Landfill,Hartselle C&D Landfill,Government,99 Lovelady St Nw,Hartselle,AL,35640,Morgan,(251) 972-8574,http://www.hartselle.org/wp/departments/public-works-street-dept/landfill/,No,7:00AM-4:00PM,7:00AM-4:00PM,7:00AM-4:00PM,7:00AM-4:00PM,7:00AM-4:00PM,7:00AM-12:00PM,No,No,No,Yes,Yes,Yes,No,No,No,No,No,No,No,No,No,No,No,No,No,,,,,,,,,,,,,,31.78238899,-86.00715896
Municipal Landfill,Arrowhead Landfill,Private,622 Tayloe Rd,Uninonville,AL,36786,Perry,,,,,,,,,,Yes,Yes,No,No,Yes,Yes,No,No,No,No,No,No,No,Yes,Yes,No,No,No,Yes,,,,,,,,,,,,,,33.238889,-87.65505686
Municipal Landfill,"Perry County Associates Landfill, Llc",Private,County Road 1,Uniontown,AL,36786,Perry,(334) 875-5575,https://www.advanceddisposal.com/,No,7:00AM-4:00PM,7:00AM-4:00PM,7:00AM-4:00PM,7:00AM-4:00PM,7:00AM-4:00PM,7:00AM-3:00PM,,,,,,,,,,,,,,,,,,,,,,,,,,,,,,,,,32.65347848,-85.26161372
C&D Landfill,Pickens County Inert Landfill,Government,County Road 26,Carrollton,AL,35447,Pickens,(205) 367-8912,,,,,,,,,Yes,No,No,Yes,Yes,Yes,No,No,No,No,No,No,No,No,No,No,No,No,No,,,,,,,,,,,,,,33.25377376,-85.46523863
Transfer Station,Pickens County Transfer Station,Government,County Road 26,Carrollton,AL,35447,Pickens,(334) 493-1250,,No,6:00AM-4:00PM,6:00AM-4:00PM,6:00AM-4:00PM,6:00AM-4:00PM,6:00AM-3:00PM,No,Yes,No,No,Yes,Yes,Yes,No,No,No,No,No,No,No,No,No,No,No,No,No,,,,,,,,,,,,,,0,0
Municipal Landfill,"Brudidge Landfill, Llc",Private,515 Clean Water Dr,Brundidge,AL,36010,Pike,(334) 735-5885,http://www.dothaneagle.com/enteprrise_ledger/news/article_c0cb5908-cae2-561d-bcf9-eb6741395035.html,,,,,,,,,,,,,,,,,,,,,,,,,,,,,,,,,,,,,,,,31.04601506,-88.02828842
C&D Landfill,"Pike Landfills, Inc C&D Landfill",Private,Holmes St,Troy,AL,36079,Pike,(866) 552-0947,http://www.adem.state.al.us/programs/land/landforms/CDILFMasterList08-11.pdf,No,7:00AM-4:00PM,7:00AM-4:00PM,7:00AM-4:00PM,7:00AM-4:00PM,7:00AM-4:00PM,No,No,No,No,Yes,Yes,Yes,No,No,No,No,No,No,No,No,No,No,No,No,No,,,,,,,,,,,,,,32.41283881,-85.03221442
C&D Landfill,Randolph County C&D Landfill,Government,1938 County Road 811,Wedowee,AL,36278,Randolph,(256) 357-2311,http://www.adem.state.al.us/programs/land/landforms/CDILFMasterList08-11.pdf,,,,,,,,Yes,No,No,No,No,No,No,No,No,No,No,No,No,No,No,No,No,No,No,,,,,,,,,,,,,,32.37680425,-85.07013352
Transfer Station,Randolph County Transfer Station,Government,2065 County Road 811,Wedowee,AL,36278,Randolph,,,,,,,,,,Yes,No,No,No,No,No,No,No,No,No,No,No,No,No,No,No,No,No,No,,,,,,,,,,,,,,0,0
C&D Landfill,Phenix City Landfill,Government,Highway 431 South,Phenix City,AL,36869,Russell,(334) 448-2701,http://www.adem.state.al.us/programs/land/landforms/CDILFMasterList08-11.pdf,,,,,,,,Yes,No,No,No,No,No,No,No,No,No,No,No,No,No,No,No,No,No,No,,,,,,,,,,,,,,33.22930579,-87.47348744
Transfer Station,Phenix City Transfer Station,Government,610 State Docks Road,Phenix City,AL,36867,Russell,,,Open24hours,Open24hours,Open24hours,Open24hours,Open24hours,Open24hours,Open24hours,Yes,No,No,No,No,No,No,No,No,No,No,No,No,No,No,No,No,No,No,,,,,,,,,,,,,,0,0
C&D Landfill,Pine Hollow Inc Landfill,Private,18 Old Brickyard Rd,Phenix City,AL,36869,Russell,(706) 322-8923,,No,6:30AM-3:00PM,6:30AM-3:00PM,6:30AM-3:00PM,6:30AM-3:00PM,6:30AM-3:00PM,No,No,No,No,Yes,Yes,Yes,No,No,No,No,No,No,No,No,No,No,No,No,No,,,,,,,,,,,,,,32.96199371,-85.96540475
Municipal Landfill,Highway 70 Landfill,Government,510 Highway 70,Columbiana,AL,35051,Shelby,(256) 773-8603,https://www.shelbyal.com/index.aspx?nid=253,No,7:30AM-4:00PM,7:30AM-4:00PM,7:30AM-4:00PM,7:30AM-4:00PM,7:30AM-4:00PM,8:00AM-12:00PM,,,,,,,,,,,,,,,,,,,,,,,,,,,,,,,,,33.7158733,-86.83914893
Municipal Landfill,Cedar Hill Landfill,Private,1319 No Business Creek Rd,Ragland,AL,35131,St. Clair,(205) 640-9425,http://www.advanceddisposal.com/al,,,,,,,,Yes,No,No,Yes,Yes,Yes,No,No,No,No,No,No,No,Yes,Yes,No,No,No,No,,,,,,,,,,,,,,32.03378378,-88.27171694
Municipal Landfill,"Star Ridge Landfill, Inc",Private,3301 Acmar Rd,Moody,AL,35004,St. Clair,(205) 640-9425,https://www.facebook.com/pages/Veolia-ES-Star-Ridge-Landfill/168664699813986,No,7:00AM-4:00PM,7:00AM-4:00PM,7:00AM-4:00PM,7:00AM-4:00PM,7:00AM-4:00PM,No,Yes,No,No,Yes,Yes,Yes,No,No,No,No,No,No,No,Yes,Yes,No,No,No,No,,,,,,,,,,,,,,33.99657033,-85.72605202
Transfer Station,Talladaga Transfer Station,Government,1500 Speedway Blvd.,Lincoln,AL,35096,Talladega,,,No,7:00AM-4:00PM,7:00AM-4:00PM,7:00AM-4:00PM,7:00AM-4:00PM,7:00AM-4:00PM,7:00AM-12:00PM,Yes,No,No,No,No,No,No,No,No,No,No,No,No,No,No,No,No,No,No,,,,,,,,,,,,,,0,0
C&D Landfill,New North Central Ave Inert Landfill,Government,1507 North Central Avenue,Alexander City,AL,35013,Tallapoosa,(256) 409-2020,http://www.alexandercityonline.com/PDF/North-Central-Avenue-Inert-Landfill-Acceptable-Unacceptable-Materials.pdf,,,,,,,,No,No,No,Yes,Yes,Yes,No,No,No,No,No,No,No,No,No,No,No,No,No,,,,,,,,,,,,,,33.19688299,-87.62094324
Municipal Landfill,Stone'S Throw Landfill,Private,1303 Washington Blvd,Tallassee,AL,36078,Tallapoosa,(205) 468-4113,https://www.republicservices.com/customer-support/facilities?utm_source=yext.com&utm_medium=referral&utm_campaign=Yext_Profile_Click_Google&utm_term=T29,,,,,,,,Yes,No,No,No,Yes,Yes,No,No,No,No,No,No,No,No,No,No,No,No,No,,,,,,,,,,,,,,31.25424804,-87.19136623
Municipal Landfill,Black Warrior Solid Waste Facility,Private,3301 Landfill Drive,Coker,AL,35452,Tuscaloosa,(205) 743-0080,,No,3:00AM-5:00PM,3:00AM-5:00PM,3:00AM-5:00PM,3:00AM-5:00PM,3:00AM-5:00PM,6:00AM-12:00PM,Yes,No,No,Yes,Yes,Yes,No,No,No,No,No,No,No,No,No,No,No,No,No,,,,,,,,,,,,,,33.68168327,-86.25314142
C&D Landfill,"Cypress Creek, Inc. Landfill",Private,12Th Avenue E,Tuscaloosa,AL,35401,Tuscaloosa,(334) 364-0028,https://www.advanceddisposal.com/al,,,,,,,,No,No,No,Yes,Yes,Yes,No,No,No,No,No,No,No,Yes,Yes,No,No,No,Yes,,,,,,,,,,,,,,33.86614196,-87.3597232
C&D Landfill,Parkway Landfill,Private,Joe Mallisham Pkwy,Tuscaloosa,AL,35403,Tuscaloosa,(334) 774-4158,http://www.swddumpster.com/,No,7:30AM-3:30PM,7:30AM-3:30PM,7:30AM-3:30PM,7:30AM-3:30PM,7:30AM-3:30PM,No,No,No,No,Yes,Yes,Yes,No,No,No,No,No,No,No,Yes,Yes,No,No,No,Yes,,,,,,,,,,,,,,33.85287257,-87.35691336
C&D Landfill,"Veolia Eagle Bluff Landfill, Llc",Private,4701 12Th Street Ne,Holt,AL,35404,Tuscaloosa,(334) 376-2241,,,,,,,,,No,No,No,Yes,Yes,Yes,No,No,No,No,No,No,No,Yes,Yes,No,No,No,Yes,,,,,,,,,,,,,,33.14991164,-87.52217975
C&D Landfill,City Of Jasper Inert/Industrial Lf,Government,1311 West Gamble Road,Jasper,AL,35503,Walker,(205) 221-8519,http://www.jaspercity.com/site/index.php?option=com_content&view=article&id=48&Itemid=119,No,7:00AM-5:00PM,7:00AM-5:00PM,7:00AM-5:00PM,7:00AM-5:00PM,7:00AM-5:00PM,7:00AM-12:00PM,No,No,No,No,No,No,No,No,No,No,No,No,No,No,No,No,No,No,No,,,,,,,,,,,,,,31.52163031,-88.29548674
Municipal Landfill,Pineview Sanitary Landfill,Private,2730 Bryan Road,Dora,AL,35062,Walker,(205) 648-1000,http://www.republicservices.com/corporate/localservices/location.aspx?SID=L24,,,,,,,,Yes,No,No,Yes,Yes,Yes,No,No,No,No,No,No,No,Yes,Yes,No,No,No,Yes,,,,,,,,,,,,,,34.34521204,-85.85163946
C&D Landfill,Walker County Gamble Inert Landfill,Government,County Road 118,Jasper,AL,35503,Walker,(205) 384-7253,http://www.walkercounty.com/index.php/solid-waste-dept,No,7:00AM-5:00PM,7:00AM-5:00PM,7:00AM-5:00PM,7:00AM-5:00PM,7:00AM-5:00PM,7:00AM-12:00PM,No,No,No,Yes,Yes,Yes,No,No,No,No,No,No,No,No,No,No,No,No,Yes,,,,,,,,,,,,,,32.01117844,-87.25007418
Municipal Landfill,"Turkey Trot Landfill, Llc",Private,2328 Mannish Ryan Road,Citronelle,AL,36522,Washington,(251) 645-9704,http://www.advanceddisposal.com/al,No,7:00AM-5:00PM,7:00AM-5:00PM,7:00AM-5:00PM,7:00AM-5:00PM,7:00AM-5:00PM,7:00AM-3:00PM,Yes,No,No,No,Yes,Yes,No,No,No,No,No,No,No,No,No,No,No,No,No,,,,,,,,,,,,,,30.30689167,-87.68542193
C&D Landfill,Washington County C&D Landfill,Government,Beaver Dam Road (County Road 15),Chatom,AL,36518,Washington,(251) 847-2208,http://washingtoncountyal.com/?page_id=2246,,,,,,,,,,,,,,,,,,,,,,,,,,,,,,,,,,,,,,,,34.24484809,-87.18849061
C&D Landfill,Wilcox County Landfill,Government,1612 Alabama Hwy 41,Camden,AL,36726,Wilcox,(256) 354-7486,https://plus.google.com/110688497834304225500/about?gl=us&hl=en,,,,,,,,No,No,No,Yes,Yes,Yes,No,No,No,No,No,No,No,No,No,No,No,No,No,,,,,,,,,,,,,,34.16596602,-87.39333706
C&D Landfill,Hyche Landfill,Private,19170 County Rd 41,Addison,AL,35540,Winston,(251) 597-7043,http://www.hychellc.com/,No,7:00AM-3:30PM,7:00AM-3:30PM,7:00AM-3:30PM,7:00AM-3:30PM,7:00AM-3:30PM,No,No,No,No,No,Yes,Yes,No,No,No,No,No,No,No,No,No,No,No,No,No,,,,,,,,,,,,,,34.05195072,-87.56536541
C&D Landfill,"Hyche Landfill, Llc (Double Springs)",Private,"Rte 1, Box 237",Double Springs,AL,35553,Winston,(256) 357-4236,http://www.hychellc.com/,No,7:00AM-4:00PM,7:00AM-4:00PM,7:00AM-4:00PM,7:00AM-4:00PM,7:00AM-4:00PM,No,No,No,No,No,Yes,Yes,No,No,No,No,No,No,No,No,No,No,No,No,No,,,,,,,,,,,,,,0,0
C&D Landfill,"Pace Industries, Inc. Lynn Landfill",Private,294 County Road 356,Lynn,AL,35575,Winston,(205) 893-7223,https://plus.google.com/106091376252099781494/about?gl=us&hl=en,,,,,,,,No,No,No,No,Yes,Yes,No,No,No,No,No,No,No,No,No,No,No,No,No,,,,,,,,,,,,,,0,0
Transfer Station,Newberg Transfer And Recycling Center,Private,2904 Wynooski Rd.,Newberg,OR,97132,Yamhill,503-462-0508,https://www.wm.com/,No,8:00AM-5:00PM,8:00AM-5:00PM,8:00AM-5:00PM,8:00AM-5:00PM,8:00AM-5:00PM,8:00AM-5:00PM,,,,,,,,,,,,,,,,,,,,,,,,,,,,,,,,,45.2852985,-122.9478789